{
  "lists": {
    "artificer_arcane_infusions": [
      "artificer_adaptive_plating",
      "artificer_arcane_calibration_matrix",
      "artificer_automated_arcane_suppression",
      "artificer_castle_defense",
      "artificer_dead_zone_calibration",
      "artificer_elemental_payload",
      "artificer_emergency_power_cell",
      "artificer_failsafe_injection",
      "artificer_incendiary_rounds",
      "artificer_kinetic_feedback_loop",
      "artificer_like_clockwork",
      "artificer_modular_augmentation",
      "artificer_nanite_dispersion_field",
      "artificer_overclocked",
      "artificer_precision_rifling",
      "artificer_recoil_compensation",
      "artificer_safeguard",
      "artificer_speed_loader",
      "artificer_synthetic_action_economy",
      "artificer_vital_aim"
    ],
    "barbarian_tempered_furies": [
      "barbarian_barbarous_assault",
      "barbarian_brutal_critical",
      "barbarian_danger_sense",
      "barbarian_death_glare",
      "barbarian_faceoff",
      "barbarian_furious_criticals",
      "barbarian_lands_stride",
      "barbarian_overwhelming_power",
      "barbarian_peak_physicality",
      "barbarian_rage_of_the_mountain",
      "barbarian_rage_of_the_undefeated",
      "barbarian_raging_vitality",
      "barbarian_relentless_endurance",
      "barbarian_rip_and_tear",
      "barbarian_rooted_in_anger",
      "barbarian_tempered_retaliation",
      "barbarian_terrifying_bellow",
      "barbarian_unfettered_beast",
      "barbarian_unrelenting_rampage",
      "barbarian_unstoppable_force"
    ],
    "bard_rhythmic_empowerments": [
      "bard_aggressive_rhythm",
      "bard_discerning_insult",
      "bard_distracting_dissonance",
      "bard_dueling_ditties",
      "bard_echoes_of_fortitude",
      "bard_encouraging_momentum",
      "bard_engaging_composition",
      "bard_guided_inspiration",
      "bard_harmonious_aura",
      "bard_infuriating_amplification",
      "bard_inspirational_resonance",
      "bard_inspiring_crescendo",
      "bard_insufferable_curse",
      "bard_melodic_precision",
      "bard_mobile_maestro",
      "bard_mocksmith",
      "bard_silver_tongued_savant",
      "bard_soothing_words",
      "bard_unprecedented_encore",
      "bard_vigorously_tuned"
    ],
    "cleric_holy_divinations": [
      "cleric_aegis",
      "cleric_blessed_resolve",
      "cleric_blood_for_blood",
      "cleric_consecrative_sacrifice",
      "cleric_divine_commune",
      "cleric_divine_restoration",
      "cleric_ethereal_intuition",
      "cleric_fell_repentance",
      "cleric_guided_strikes",
      "cleric_holy_fortitude",
      "cleric_immaculate_retribution",
      "cleric_immaculate_ward",
      "cleric_martyrdom",
      "cleric_paradisiacal_gift",
      "cleric_sacral_touch",
      "cleric_sanctified_presence",
      "cleric_sanctifying_aura",
      "cleric_stalwart",
      "cleric_stout_believer",
      "cleric_venerational_strikes"
    ],
    "druid_druidic_roots": [
      "druid_armour_of_thorns",
      "druid_combats_harvest",
      "druid_earthen_sentinel",
      "druid_feral_precision",
      "druid_feral_resilience",
      "druid_ferocious_stand",
      "druid_instinctive_defense",
      "druid_killer_instinct",
      "druid_mantra_of_restoration",
      "druid_natural_bounty",
      "druid_natural_resurgence",
      "druid_natures_mercy",
      "druid_natures_wrath",
      "druid_pack_leader",
      "druid_primal_bloodletter",
      "druid_primal_surge",
      "druid_primal_takedown",
      "druid_shapechangers_versatility",
      "druid_territorial_dominance",
      "druid_wild_stride"
    ],
    "fighter_honed_techniques": [
      "fighter_aspect_of_defiance",
      "fighter_challengers_call",
      "fighter_charge_of_the_collective",
      "fighter_duellist",
      "fighter_full_arsenal",
      "fighter_heavy_assault",
      "fighter_intuitive_warning",
      "fighter_iron_will",
      "fighter_ironclad",
      "fighter_leaders_momentum",
      "fighter_martial_fortress",
      "fighter_martial_prowess",
      "fighter_merciless",
      "fighter_natural_born_leader",
      "fighter_opportunist",
      "fighter_proper_form",
      "fighter_reckless_abandon",
      "fighter_sentinels_protection",
      "fighter_tactical_advantage",
      "fighter_tenacious_fighter"
    ],
    "monk_ki_masteries": [
      "monk_counterflow",
      "monk_critical_flow",
      "monk_dance_of_flowing_water",
      "monk_deflective_missiles",
      "monk_dexterous_ward",
      "monk_fist_of_crushing_rock",
      "monk_focused_stream",
      "monk_fortified_body_and_mind",
      "monk_harmonious_barrage",
      "monk_harmonious_footwork",
      "monk_martial_empowerment",
      "monk_mystic_strikes",
      "monk_opportune_reversal",
      "monk_resonance_of_body",
      "monk_sagacious_resilience",
      "monk_soused_rempart",
      "monk_tempestuous_reprise",
      "monk_tranquil_fortitude",
      "monk_windwaker",
      "monk_zen_recovery"
    ],
    "paladin_refined_adjudications": [
      "paladin_atonement",
      "paladin_critical_oath",
      "paladin_death_sentence",
      "paladin_divine_health",
      "paladin_divine_resurgence",
      "paladin_divine_sense",
      "paladin_divine_shielding",
      "paladin_holy_smite",
      "paladin_holy_wrath",
      "paladin_infaillible_beacon",
      "paladin_lay_on_hands",
      "paladin_oath_channeling",
      "paladin_oathbound_renewal",
      "paladin_principle_of_belief",
      "paladin_repel_the_damned",
      "paladin_resplendent_reverb",
      "paladin_smite_makes_right",
      "paladin_stalwart_eruption",
      "paladin_stalwart_resolve",
      "paladin_visage_of_sanctity"
    ],
    "ranger_frontier_accolades": [
      "ranger_ambush_breaker",
      "ranger_ballistic_infusion",
      "ranger_beastbonds_precision",
      "ranger_bestial_foresight",
      "ranger_blood_bond",
      "ranger_bounty_hunter",
      "ranger_close_quarters_shooter",
      "ranger_escapist",
      "ranger_explosive_arrowheads",
      "ranger_hidden_inventory",
      "ranger_marksman_edge",
      "ranger_multi_attack_defense",
      "ranger_natural_huntsman",
      "ranger_natural_opportunity",
      "ranger_protective_bond",
      "ranger_sniper",
      "ranger_superior_technique",
      "ranger_sure_shot",
      "ranger_two_weapon_fighting",
      "ranger_wanton_synergy"
    ],
    "rogue_cunning_subversions": [
      "rogue_cunning_fangs",
      "rogue_cutthroat",
      "rogue_elusive_retreat",
      "rogue_elusive_shadow",
      "rogue_fast_hands",
      "rogue_fatal_manoeuvre",
      "rogue_grievous_wounds",
      "rogue_illusory_advantage",
      "rogue_light_footwork",
      "rogue_low_visibility",
      "rogue_manipulator",
      "rogue_now_you_see_me",
      "rogue_quick_reflexes",
      "rogue_reactive_movement",
      "rogue_sharp_eyes",
      "rogue_spectral_hunter",
      "rogue_spectre",
      "rogue_umbral_sight",
      "rogue_vanishing_act",
      "rogue_venomous"
    ],
    "sorcerer_sorcerous_sundries": [
      "sorcerer_arcane_oppression",
      "sorcerer_arcane_overflow",
      "sorcerer_arcane_reservoir",
      "sorcerer_charismatic_infusion",
      "sorcerer_charismatic_shield",
      "sorcerer_dormant_charge",
      "sorcerer_elemental_afterglow",
      "sorcerer_enchanting_influence",
      "sorcerer_ephemeral_vacuum",
      "sorcerer_essential_epiphany",
      "sorcerer_evasive_warp",
      "sorcerer_latent_acuity",
      "sorcerer_misty_escape",
      "sorcerer_mystic_empowerment",
      "sorcerer_natural_vortex",
      "sorcerer_reactive_blood",
      "sorcerer_shared_creation",
      "sorcerer_sorcerous_acumen",
      "sorcerer_sorcerous_focus",
      "sorcerer_veiled_synergy"
    ],
    "warlock_eldritch_boons": [
      "warlock_bane_of_the_pact",
      "warlock_binding_transposition",
      "warlock_bound_compulsion",
      "warlock_bound_elements",
      "warlock_curse_of_hellfire",
      "warlock_dark_retaliation",
      "warlock_devils_sight",
      "warlock_eldritch_enervation",
      "warlock_eldritch_lance",
      "warlock_eldritch_strike",
      "warlock_hellbound_vision",
      "warlock_hellish_rebuttal",
      "warlock_luck_of_the_devil",
      "warlock_master_of_chaos",
      "warlock_one_with_shadows",
      "warlock_onus_hematic",
      "warlock_pact_stricken",
      "warlock_repelling_blast",
      "warlock_resilient_servitude",
      "warlock_shade_walker"
    ],
    "wizard_arcane_threads": [
      "wizard_arcane_interruption",
      "wizard_arcane_reverb",
      "wizard_arcane_shield",
      "wizard_boon_of_plumes",
      "wizard_edict_of_divinity",
      "wizard_elemental_countercharge",
      "wizard_enchanted_safeguard",
      "wizard_flames_riposte",
      "wizard_illusory_phantasm",
      "wizard_magical_insight",
      "wizard_mystic_override",
      "wizard_potent_cantrips",
      "wizard_potent_spells",
      "wizard_spell_surge",
      "wizard_spellblade",
      "wizard_spellbound_rebirth",
      "wizard_telekinetic_command",
      "wizard_war_magic",
      "wizard_wizards_clarity",
      "wizard_woven_precision"
    ]
  }
}
