{
  "features": [
    {
      "id": "dragonborn-breath-base",
      "ownerType": "race",
      "ownerId": "dragonborn",
      "level": 1,
      "name": "Elemental Breath",
      "text": "Breath costs an Action; cone 6m/20ft; attack roll vs all targets; damage/condition determined by subrace; scaling per level.",
      "category": "active",
      "actionType": "action",
      "scaling": "L1:1d12; L5:2d12 + condition 3 turns; L9:3d12+12",
      "damageType": "(see subrace)",
      "condition": "(see subrace)",
      "grantedSpellName": "Elemental Breath"
    },
    {
      "id": "dragonborn-resistance-base",
      "ownerType": "race",
      "ownerId": "dragonborn",
      "level": 1,
      "name": "Draconic Resistance",
      "text": "Resistance is determined by Dragonborn subrace; improves to immunity at character level 9.",
      "category": "resistance",
      "actionType": "passive",
      "scaling": "level>=9:immunity",
      "grantedResistance": "(see subrace)"
    },
    {
      "id": "drow-darkness-advantage",
      "ownerType": "race",
      "ownerId": "drow",
      "level": 1,
      "name": "Shrouded Advantage",
      "text": "While shrouded in total darkness, Drow make all Attack Rolls with Advantage.",
      "category": "passive",
      "actionType": "passive"
    },
    {
      "id": "drow-superior-darkvision",
      "ownerType": "race",
      "ownerId": "drow",
      "level": 1,
      "name": "Superior Darkvision",
      "text": "All Drow gain Superior Darkvision; can see in magical darkness.",
      "category": "passive",
      "actionType": "passive"
    },
    {
      "id": "githyanki-proficiency-twice",
      "ownerType": "race",
      "ownerId": "githyanki",
      "level": 1,
      "name": "Proficiency Strike",
      "text": "When making any Attack Roll, add your Proficiency Bonus to the roll twice.",
      "category": "passive",
      "actionType": "passive"
    },
    {
      "id": "half-elf-initiative-bonus",
      "ownerType": "race",
      "ownerId": "half_elf",
      "level": 1,
      "name": "Initiative Bonus",
      "text": "All Half-Elves gain a +1 bonus to Initiative.",
      "category": "passive",
      "actionType": "passive"
    },
    {
      "id": "half-orc-initiative-bonus",
      "ownerType": "race",
      "ownerId": "half_orc",
      "level": 1,
      "name": "Initiative Bonus",
      "text": "Gain a +1 bonus to Initiative.",
      "category": "passive",
      "actionType": "passive"
    },
    {
      "id": "half-orc-str-advantage",
      "ownerType": "race",
      "ownerId": "half_orc",
      "level": 1,
      "name": "Strength Advantage",
      "text": "Advantage on all Strength based Ability Checks.",
      "category": "passive",
      "actionType": "passive"
    },
    {
      "id": "human-initiative-bonus",
      "ownerType": "race",
      "ownerId": "human",
      "level": 1,
      "name": "Initiative Bonus",
      "text": "Gain a +2 bonus to Initiative.",
      "category": "passive",
      "actionType": "passive"
    },
    {
      "id": "tiefling-darkvision",
      "ownerType": "race",
      "ownerId": "tiefling",
      "level": 1,
      "name": "Darkvision",
      "text": "Tieflings gain Basic Darkvision.",
      "category": "passive",
      "actionType": "passive"
    },
    {
      "id": "tiefling-fire-resistance",
      "ownerType": "race",
      "ownerId": "tiefling",
      "level": 1,
      "name": "Fire Resistance",
      "text": "Tieflings gain Resistance to Fire.",
      "category": "resistance",
      "actionType": "passive",
      "grantedResistance": "fire"
    },
    {
      "id": "dragonborn-amethyst-breath",
      "ownerType": "subrace",
      "ownerId": "amethyst_dragonborn",
      "level": 1,
      "name": "Amethyst Dragonborn Breath",
      "text": "Breath deals Force damage and inflicts the Dazed condition.",
      "category": "active",
      "actionType": "action",
      "damageType": "force",
      "condition": "dazed",
      "grantedSpellName": "Elemental Breath"
    },
    {
      "id": "dragonborn-amethyst-resistance",
      "ownerType": "subrace",
      "ownerId": "amethyst_dragonborn",
      "level": 1,
      "name": "Amethyst Dragonborn Resistance",
      "text": "Gain Resistance to Force damage.",
      "category": "resistance",
      "actionType": "passive",
      "condition": "dazed",
      "grantedResistance": "force"
    },
    {
      "id": "dragonborn-crystal-breath",
      "ownerType": "subrace",
      "ownerId": "crystal_dragonborn",
      "level": 1,
      "name": "Crystal Dragonborn Breath",
      "text": "Breath deals Radiant damage and inflicts the Blinded condition.",
      "category": "active",
      "actionType": "action",
      "damageType": "radiant",
      "condition": "blinded",
      "grantedSpellName": "Elemental Breath"
    },
    {
      "id": "dragonborn-crystal-resistance",
      "ownerType": "subrace",
      "ownerId": "crystal_dragonborn",
      "level": 1,
      "name": "Crystal Dragonborn Resistance",
      "text": "Gaint Resistance to Radiant damage.",
      "category": "resistance",
      "actionType": "passive",
      "condition": "blinded",
      "grantedResistance": "radiant"
    },
    {
      "id": "dragonborn-black-breath",
      "ownerType": "subrace",
      "ownerId": "dragonborn_black",
      "level": 1,
      "name": "Black Dragonborn Breath",
      "text": "Breath deals Acid elemental damage and inflicts the Acid condition.",
      "category": "active",
      "actionType": "action",
      "damageType": "acid",
      "condition": "acid",
      "grantedSpellName": "Elemental Breath"
    },
    {
      "id": "dragonborn-black-resistance",
      "ownerType": "subrace",
      "ownerId": "dragonborn_black",
      "level": 1,
      "name": "Black Dragonborn Resistance",
      "text": "Gain Resistance to Acid damage.",
      "category": "resistance",
      "actionType": "passive",
      "damageType": "acid",
      "condition": "acid",
      "grantedResistance": "acid"
    },
    {
      "id": "dragonborn-blue-breath",
      "ownerType": "subrace",
      "ownerId": "dragonborn_blue",
      "level": 1,
      "name": "Blue Dragonborn Breath",
      "text": "Breath deals Lightning elemental damage and inflicts the Shocked condition.",
      "category": "active",
      "actionType": "action",
      "damageType": "lightning",
      "condition": "shocked",
      "grantedSpellName": "Elemental Breath"
    },
    {
      "id": "dragonborn-blue-resistance",
      "ownerType": "subrace",
      "ownerId": "dragonborn_blue",
      "level": 1,
      "name": "Blue Dragonborn Resistance",
      "text": "Gain Resistance to Lightning damage.",
      "category": "resistance",
      "actionType": "passive",
      "damageType": "lightning",
      "condition": "shocked",
      "grantedResistance": "lightning"
    },
    {
      "id": "dragonborn-brass-breath",
      "ownerType": "subrace",
      "ownerId": "dragonborn_brass",
      "level": 1,
      "name": "Brass Dragonborn Breath",
      "text": "Breath deals Fire elemental damage and inflicts the Burning condition.",
      "category": "active",
      "actionType": "action",
      "damageType": "fire",
      "condition": "burning",
      "grantedSpellName": "Elemental Breath"
    },
    {
      "id": "dragonborn-brass-resistance",
      "ownerType": "subrace",
      "ownerId": "dragonborn_brass",
      "level": 1,
      "name": "Brass Dragonborn Resistance",
      "text": "Gain Resistance to Fire damage.",
      "category": "resistance",
      "actionType": "passive",
      "damageType": "fire",
      "condition": "burning",
      "grantedResistance": "fire"
    },
    {
      "id": "dragonborn-bronze-breath",
      "ownerType": "subrace",
      "ownerId": "dragonborn_bronze",
      "level": 1,
      "name": "Bronze Dragonborn Breath",
      "text": "Breath deals Lightning elemental damage and inflicts the Shocked condition.",
      "category": "active",
      "actionType": "action",
      "damageType": "lightning",
      "condition": "shocked",
      "grantedSpellName": "Elemental Breath"
    },
    {
      "id": "dragonborn-bronze-resistance",
      "ownerType": "subrace",
      "ownerId": "dragonborn_bronze",
      "level": 1,
      "name": "Bronze Dragonborn Resistance",
      "text": "Gain Resistance to Lightning damage.",
      "category": "resistance",
      "actionType": "passive",
      "damageType": "lightning",
      "condition": "shocked",
      "grantedResistance": "lightning"
    },
    {
      "id": "dragonborn-copper-breath",
      "ownerType": "subrace",
      "ownerId": "dragonborn_copper",
      "level": 1,
      "name": "Copper Dragonborn Breath",
      "text": "Breath deals Acid elemental damage and inflicts the Acid condition.",
      "category": "active",
      "actionType": "action",
      "damageType": "acid",
      "condition": "acid",
      "grantedSpellName": "Elemental Breath"
    },
    {
      "id": "dragonborn-copper-resistance",
      "ownerType": "subrace",
      "ownerId": "dragonborn_copper",
      "level": 1,
      "name": "Copper Dragonborn Resistance",
      "text": "Gain Resistance to Acid damage.",
      "category": "resistance",
      "actionType": "passive",
      "damageType": "acid",
      "condition": "acid",
      "grantedResistance": "acid"
    },
    {
      "id": "dragonborn-gold-breath",
      "ownerType": "subrace",
      "ownerId": "dragonborn_gold",
      "level": 1,
      "name": "Gold Dragonborn Breath",
      "text": "Breath deals Fire elemental damage and inflicts the Burning condition.",
      "category": "active",
      "actionType": "action",
      "damageType": "fire",
      "condition": "burning",
      "grantedSpellName": "Elemental Breath"
    },
    {
      "id": "dragonborn-gold-resistance",
      "ownerType": "subrace",
      "ownerId": "dragonborn_gold",
      "level": 1,
      "name": "Gold Dragonborn Resistance",
      "text": "Gain Resistance to Fire damage.",
      "category": "resistance",
      "actionType": "passive",
      "damageType": "fire",
      "condition": "burning",
      "grantedResistance": "fire"
    },
    {
      "id": "dragonborn-green-breath",
      "ownerType": "subrace",
      "ownerId": "dragonborn_green",
      "level": 1,
      "name": "Green Dragonborn Breath",
      "text": "Breath deals Poison elemental damage and inflicts the Poisoned condition.",
      "category": "active",
      "actionType": "action",
      "damageType": "poison",
      "condition": "poisoned",
      "grantedSpellName": "Elemental Breath"
    },
    {
      "id": "dragonborn-green-resistance",
      "ownerType": "subrace",
      "ownerId": "dragonborn_green",
      "level": 1,
      "name": "Green Dragonborn Resistance",
      "text": "Gain Resistance to Poison damage.",
      "category": "resistance",
      "actionType": "passive",
      "damageType": "poison",
      "condition": "poisoned",
      "grantedResistance": "poison"
    },
    {
      "id": "dragonborn-red-breath",
      "ownerType": "subrace",
      "ownerId": "dragonborn_red",
      "level": 1,
      "name": "Red Dragonborn Breath",
      "text": "Breath deals Fire elemental damage and inflicts the Burning condition.",
      "category": "active",
      "actionType": "action",
      "damageType": "fire",
      "condition": "burning",
      "grantedSpellName": "Elemental Breath"
    },
    {
      "id": "dragonborn-red-resistance",
      "ownerType": "subrace",
      "ownerId": "dragonborn_red",
      "level": 1,
      "name": "Red Dragonborn Resistance",
      "text": "Gain Resistance to Fire damage.",
      "category": "resistance",
      "actionType": "passive",
      "damageType": "fire",
      "condition": "burning",
      "grantedResistance": "fire"
    },
    {
      "id": "dragonborn-silver-breath",
      "ownerType": "subrace",
      "ownerId": "dragonborn_silver",
      "level": 1,
      "name": "Silver Dragonborn Breath",
      "text": "Breath deals Cold elemental damage and inflicts the Frostbite condition.",
      "category": "active",
      "actionType": "action",
      "damageType": "cold",
      "condition": "frostbite",
      "grantedSpellName": "Elemental Breath"
    },
    {
      "id": "dragonborn-silver-resistance",
      "ownerType": "subrace",
      "ownerId": "dragonborn_silver",
      "level": 1,
      "name": "Silver Dragonborn Resistance",
      "text": "Gain Resistance to Cold damage.",
      "category": "resistance",
      "actionType": "passive",
      "damageType": "cold",
      "condition": "frostbite",
      "grantedResistance": "cold"
    },
    {
      "id": "dragonborn-white-breath",
      "ownerType": "subrace",
      "ownerId": "dragonborn_white",
      "level": 1,
      "name": "White Dragonborn Breath",
      "text": "Breath deals Cold elemental damage and inflicts the Frostbite condition.",
      "category": "active",
      "actionType": "action",
      "damageType": "cold",
      "condition": "frostbite",
      "grantedSpellName": "Elemental Breath"
    },
    {
      "id": "dragonborn-white-resistance",
      "ownerType": "subrace",
      "ownerId": "dragonborn_white",
      "level": 1,
      "name": "White Dragonborn Resistance",
      "text": "Gain Resistance to Cold damage.",
      "category": "resistance",
      "actionType": "passive",
      "damageType": "cold",
      "condition": "frostbite",
      "grantedResistance": "cold"
    },
    {
      "id": "drow-lolth-silence",
      "ownerType": "subrace",
      "ownerId": "drow_lolth_sworn",
      "level": 1,
      "name": "Silence",
      "text": "Cast Silence as an Action once per combat.",
      "category": "spell",
      "actionType": "action",
      "grantedSpellName": "Silence"
    },
    {
      "id": "drow-seldarine-misty-step",
      "ownerType": "subrace",
      "ownerId": "drow_seldarine",
      "level": 1,
      "name": "Misty Step",
      "text": "Cast Misty Step as a Bonus Action once per combat.",
      "category": "spell",
      "actionType": "bonus_action",
      "grantedSpellName": "Misty Step"
    },
    {
      "id": "dwarf-duergar-darkness-advantage",
      "ownerType": "subrace",
      "ownerId": "dwarf_duergar",
      "level": 1,
      "name": "Shrouded Advantage",
      "text": "While shrouded in total darkness, Duergar make all Attack Rolls with Advantage.",
      "category": "passive",
      "actionType": "passive"
    },
    {
      "id": "dwarf-duergar-enlarge",
      "ownerType": "subrace",
      "ownerId": "dwarf_duergar",
      "level": 1,
      "name": "Enlarge",
      "text": "Cast Enlarge on yourself as a Bonus Action once per combat.",
      "category": "spell",
      "actionType": "bonus_action",
      "grantedSpellName": "Enlarge"
    },
    {
      "id": "dwarf-duergar-superior-darkvision",
      "ownerType": "subrace",
      "ownerId": "dwarf_duergar",
      "level": 1,
      "name": "Superior Darkvision",
      "text": "Duergar gain Superior Darkvision; can see in magical darkness.",
      "category": "passive",
      "actionType": "passive"
    },
    {
      "id": "dwarf-gold-damage-bonus",
      "ownerType": "subrace",
      "ownerId": "dwarf_gold",
      "level": 1,
      "name": "Weapon Damage Bonus",
      "text": "Gain a +2 bonus to all damage dealt with weapons (not unarmed).",
      "category": "passive",
      "actionType": "passive"
    },
    {
      "id": "dwarf-shield-damage-reduction",
      "ownerType": "subrace",
      "ownerId": "dwarf_shield",
      "level": 1,
      "name": "Damage Reduction",
      "text": "Reduce all damage taken by 2 (after resistances; stacks with other DR).",
      "category": "passive",
      "actionType": "passive"
    },
    {
      "id": "elf-high-wis-advantage",
      "ownerType": "subrace",
      "ownerId": "elf_high",
      "level": 1,
      "name": "Wisdom Advantage",
      "text": "Gain Advantage on all Wisdom based Ability Checks and Saving Throws.",
      "category": "passive",
      "actionType": "passive"
    },
    {
      "id": "elf-wood-speed-bonus",
      "ownerType": "subrace",
      "ownerId": "elf_wood",
      "level": 1,
      "name": "Increased Movement",
      "text": "Movement speed is increased by 6m/20ft.",
      "category": "passive",
      "actionType": "passive"
    },
    {
      "id": "dragonborn-emerald-breath",
      "ownerType": "subrace",
      "ownerId": "emerald_dragonborn",
      "level": 1,
      "name": "Emerald Dragonborn Breath",
      "text": "Breath deals Psychic damage and inflicts the Mental Fatigue condition.",
      "category": "active",
      "actionType": "action",
      "damageType": "psychic",
      "condition": "mental_fatigue",
      "grantedSpellName": "Elemental Breath"
    },
    {
      "id": "dragonborn-emerald-resistance",
      "ownerType": "subrace",
      "ownerId": "emerald_dragonborn",
      "level": 1,
      "name": "Emerald Dragonborn Resistance",
      "text": "Gain Resistance to Psychic damage.",
      "category": "resistance",
      "actionType": "passive",
      "condition": "mental_fatigue",
      "grantedResistance": "psychic"
    },
    {
      "id": "gnome-deep-darkness-advantage",
      "ownerType": "subrace",
      "ownerId": "gnome_deep",
      "level": 1,
      "name": "Shrouded Advantage",
      "text": "While shrouded in total darkness, Deep Gnomes make all Attack Rolls with Advantage.",
      "category": "passive",
      "actionType": "passive"
    },
    {
      "id": "gnome-deep-invisibility",
      "ownerType": "subrace",
      "ownerId": "gnome_deep",
      "level": 1,
      "name": "Invisibility",
      "text": "Cast Invisibility on yourself as a Bonus Action once per combat.",
      "category": "spell",
      "actionType": "bonus_action",
      "grantedSpellName": "Invisibility"
    },
    {
      "id": "gnome-deep-superior-darkvision",
      "ownerType": "subrace",
      "ownerId": "gnome_deep",
      "level": 1,
      "name": "Superior Darkvision",
      "text": "Deep Gnomes gain Superior Darkvision; can see in magical darkness.",
      "category": "passive",
      "actionType": "passive"
    },
    {
      "id": "gnome-forest-dominate-beast",
      "ownerType": "subrace",
      "ownerId": "gnome_forest",
      "level": 1,
      "name": "Dominate Beast",
      "text": "Cast Dominate Beast as an Action once per combat.",
      "category": "spell",
      "actionType": "action",
      "grantedSpellName": "Dominate Beast"
    },
    {
      "id": "gnome-forest-speak-with-animals",
      "ownerType": "subrace",
      "ownerId": "gnome_forest",
      "level": 1,
      "name": "Speak With Animals",
      "text": "Forest Gnomes can Speak With Animals at all times.",
      "category": "passive",
      "actionType": "passive",
      "grantedSpellName": "Speak With Animals"
    },
    {
      "id": "gnome-rock-ac-bonus",
      "ownerType": "subrace",
      "ownerId": "gnome_rock",
      "level": 1,
      "name": "Armour Class Bonus",
      "text": "Armour Class is increased by 2.",
      "category": "passive",
      "actionType": "passive"
    },
    {
      "id": "half-elf-drow-darkness-advantage",
      "ownerType": "subrace",
      "ownerId": "half_elf_drow",
      "level": 1,
      "name": "Shrouded Advantage",
      "text": "While shrouded in total darkness, Drow Half-Elves make all Attack Rolls with Advantage.",
      "category": "passive",
      "actionType": "passive"
    },
    {
      "id": "half-elf-drow-superior-darkvision",
      "ownerType": "subrace",
      "ownerId": "half_elf_drow",
      "level": 1,
      "name": "Superior Darkvision",
      "text": "Drow Half-Elves gain Superior Darkvision; can see in magical darkness.",
      "category": "passive",
      "actionType": "passive"
    },
    {
      "id": "half-elf-high-wis-advantage",
      "ownerType": "subrace",
      "ownerId": "half_elf_high",
      "level": 1,
      "name": "Wisdom Advantage",
      "text": "Gain Advantage on all Wisdom based Ability Checks.",
      "category": "passive",
      "actionType": "passive"
    },
    {
      "id": "half-elf-wood-speed-bonus",
      "ownerType": "subrace",
      "ownerId": "half_elf_wood",
      "level": 1,
      "name": "Increased Movement",
      "text": "Movement speed is increased by 3m/10ft.",
      "category": "passive",
      "actionType": "passive"
    },
    {
      "id": "halfling-lightfoot-dex-advantage",
      "ownerType": "subrace",
      "ownerId": "halfling_lightfoot",
      "level": 1,
      "name": "Dexterity Advantage",
      "text": "Gain Advantage on all Dexterity based Ability Checks and Saving Throws.",
      "category": "passive",
      "actionType": "passive"
    },
    {
      "id": "halfling-strongheart-con-advantage",
      "ownerType": "subrace",
      "ownerId": "halfling_strongheart",
      "level": 1,
      "name": "Constitution Advantage",
      "text": "Gain Advantage on all Constitution based Ability Checks and Saving Throws.",
      "category": "passive",
      "actionType": "passive"
    },
    {
      "id": "dragonborn-sapphire-breath",
      "ownerType": "subrace",
      "ownerId": "sapphire_dragonborn",
      "level": 1,
      "name": "Sapphire Dragonborn Breath",
      "text": "Breath deals Thunder damage and inflicts the Reverberation condition.",
      "category": "active",
      "actionType": "action",
      "damageType": "thunder",
      "condition": "reverberation",
      "grantedSpellName": "Elemental Breath"
    },
    {
      "id": "dragonborn-sapphire-resistance",
      "ownerType": "subrace",
      "ownerId": "sapphire_dragonborn",
      "level": 1,
      "name": "Sapphire Dragonborn Resistance",
      "text": "Gain Resistance to Psychic damage.",
      "category": "resistance",
      "actionType": "passive",
      "condition": "reverberation",
      "grantedResistance": "thunder"
    },
    {
      "id": "tiefling-asmodeus-scorching-ray",
      "ownerType": "subrace",
      "ownerId": "tiefling_asmodeus",
      "level": 1,
      "name": "Scorching Ray",
      "text": "Cast Scorching Ray as an Action once per combat. Spell scales with character level (treated as higher slot at level 3 and every odd level thereafter).",
      "category": "spell",
      "actionType": "action",
      "grantedSpellName": "Scorching Ray"
    },
    {
      "id": "tiefling-mephistopheles-burning-hands",
      "ownerType": "subrace",
      "ownerId": "tiefling_mephistopheles",
      "level": 1,
      "name": "Burning Hands",
      "text": "Cast Burning Hands as an Action once per combat. Spell scales with character level (treated as higher slot at level 3 and every odd level thereafter).",
      "category": "spell",
      "actionType": "action",
      "grantedSpellName": "Burning Hands"
    },
    {
      "id": "tiefling-zariel-heat-metal",
      "ownerType": "subrace",
      "ownerId": "tiefling_zariel",
      "level": 1,
      "name": "Heat Metal",
      "text": "Cast Heat Metal as an Action once per combat. Spell scales with character level (treated as higher slot at level 3 and every odd level thereafter).",
      "category": "spell",
      "actionType": "action",
      "grantedSpellName": "Heat Metal"
    },
    {
      "id": "dragonborn-topaz-breath",
      "ownerType": "subrace",
      "ownerId": "topaz_dragonborn",
      "level": 1,
      "name": "Topaz Dragonborn Breath",
      "text": "Breath deals Necrotic damage and inflicts the Bone Chilled condition.",
      "category": "active",
      "actionType": "action",
      "damageType": "necrotic",
      "condition": "bone_chilled",
      "grantedSpellName": "Elemental Breath"
    },
    {
      "id": "dragonborn-topaz-resistance",
      "ownerType": "subrace",
      "ownerId": "topaz_dragonborn",
      "level": 1,
      "name": "Topaz Dragonborn Resistance",
      "text": "Gain Resistance to Necrotic damage.",
      "category": "resistance",
      "actionType": "passive",
      "condition": "bone_chilled",
      "grantedResistance": "necrotic"
    }
  ]
}
